GAME_DATE_EST,SEASON,HOME_TEAM_WINS,HOME_REST_DAYS,HOME_LAST_GAME_WON,HOME_SEASON_WIN_RATE,HOME_ROLLING_PTS_5,HOME_ROLLING_AST_5,HOME_ROLLING_REB_5,HOME_ROLLING_FG_PCT_5,HOME_ROLLING_FT_PCT_5,HOME_ROLLING_FG3_PCT_5,HOME_ROLLING_PTS_15,HOME_ROLLING_AST_15,HOME_ROLLING_REB_15,HOME_ROLLING_FG_PCT_15,HOME_ROLLING_FT_PCT_15,HOME_ROLLING_FG3_PCT_15,VISITOR_REST_DAYS,VISITOR_LAST_GAME_WON,VISITOR_SEASON_WIN_RATE,VISITOR_ROLLING_PTS_5,VISITOR_ROLLING_AST_5,VISITOR_ROLLING_REB_5,VISITOR_ROLLING_FG_PCT_5,VISITOR_ROLLING_FT_PCT_5,VISITOR_ROLLING_FG3_PCT_5,VISITOR_ROLLING_PTS_15,VISITOR_ROLLING_AST_15,VISITOR_ROLLING_REB_15,VISITOR_ROLLING_FG_PCT_15,VISITOR_ROLLING_FT_PCT_15,VISITOR_ROLLING_FG3_PCT_15,HOME_ELO,VISITOR_ELO,REST_DIFF,WIN_RATE_DIFF,ELO_DIFF,PTS_DIFF_5,PTS_DIFF_15,AST_DIFF_5,AST_DIFF_15,REB_DIFF_5,REB_DIFF_15,FG_PCT_DIFF_5,FG_PCT_DIFF_15,FT_PCT_DIFF_5,FT_PCT_DIFF_15,FG3_PCT_DIFF_5,FG3_PCT_DIFF_15
2003-10-05,2003,1,7.0,0.5,0.5,101.6,22.0,42.6,0.4179513597513598,0.4394097513597514,0.19989838383838382,101.26666666666667,21.933333333333334,42.666666666666664,0.4178077946127946,0.44007555555555555,0.1989058249158249,7.0,0.5,0.5,101.6,22.0,42.6,0.4179513597513598,0.4394097513597514,0.19989838383838382,101.26666666666667,21.933333333333334,42.666666666666664,0.4178077946127946,0.44007555555555555,0.1989058249158249,1500.0,1500.0,0.0,0.0,0.0,0.0,0.0,0.0,0.0,0.0,0.0,0.0,0.0,0.0,0.0,0.0,0.0
2003-10-06,2003,1,7.0,0.5,0.5,101.6,22.0,42.6,0.4179513597513598,0.4394097513597514,0.19989838383838382,101.26666666666667,21.933333333333334,42.666666666666664,0.4178077946127946,0.44007555555555555,0.1989058249158249,7.0,0.5,0.5,101.6,22.0,42.6,0.4179513597513598,0.4394097513597514,0.19989838383838382,101.26666666666667,21.933333333333334,42.666666666666664,0.4178077946127946,0.44007555555555555,0.1989058249158249,1500.0,1500.0,0.0,0.0,0.0,0.0,0.0,0.0,0.0,0.0,0.0,0.0,0.0,0.0,0.0,0.0,0.0
2003-10-07,2003,1,7.0,0.5,0.5,101.6,22.0,42.6,0.4179513597513598,0.4394097513597514,0.19989838383838382,101.26666666666667,21.933333333333334,42.666666666666664,0.4178077946127946,0.44007555555555555,0.1989058249158249,7.0,0.5,0.5,101.6,22.0,42.6,0.4179513597513598,0.4394097513597514,0.19989838383838382,101.26666666666667,21.933333333333334,42.666666666666664,0.4178077946127946,0.44007555555555555,0.1989058249158249,1500.0,1500.0,0.0,0.0,0.0,0.0,0.0,0.0,0.0,0.0,0.0,0.0,0.0,0.0,0.0,0.0,0.0
2003-10-07,2003,1,7.0,0.5,0.5,101.6,22.0,42.6,0.4179513597513598,0.4394097513597514,0.19989838383838382,101.26666666666667,21.933333333333334,42.666666666666664,0.4178077946127946,0.44007555555555555,0.1989058249158249,7.0,0.5,0.5,101.6,22.0,42.6,0.4179513597513598,0.4394097513597514,0.19989838383838382,101.26666666666667,21.933333333333334,42.666666666666664,0.4178077946127946,0.44007555555555555,0.1989058249158249,1500.0,1500.0,0.0,0.0,0.0,0.0,0.0,0.0,0.0,0.0,0.0,0.0,0.0,0.0,0.0,0.0,0.0
2003-10-07,2003,1,7.0,0.5,0.5,101.6,22.0,42.6,0.4179513597513598,0.4394097513597514,0.19989838383838382,101.26666666666667,21.933333333333334,42.666666666666664,0.4178077946127946,0.44007555555555555,0.1989058249158249,7.0,0.5,0.5,101.6,22.0,42.6,0.4179513597513598,0.4394097513597514,0.19989838383838382,101.26666666666667,21.933333333333334,42.666666666666664,0.4178077946127946,0.44007555555555555,0.1989058249158249,1500.0,1500.0,0.0,0.0,0.0,0.0,0.0,0.0,0.0,0.0,0.0,0.0,0.0,0.0,0.0,0.0,0.0
2003-10-07,2003,1,7.0,0.5,0.5,101.6,22.0,42.6,0.4179513597513598,0.4394097513597514,0.19989838383838382,101.26666666666667,21.933333333333334,42.666666666666664,0.4178077946127946,0.44007555555555555,0.1989058249158249,7.0,0.5,0.5,101.6,22.0,42.6,0.4179513597513598,0.4394097513597514,0.19989838383838382,101.26666666666667,21.933333333333334,42.666666666666664,0.4178077946127946,0.44007555555555555,0.1989058249158249,1500.0,1500.0,0.0,0.0,0.0,0.0,0.0,0.0,0.0,0.0,0.0,0.0,0.0,0.0,0.0,0.0,0.0
2003-10-07,2003,0,7.0,0.5,0.5,101.6,22.0,42.6,0.4179513597513598,0.4394097513597514,0.19989838383838382,101.26666666666667,21.933333333333334,42.666666666666664,0.4178077946127946,0.44007555555555555,0.1989058249158249,7.0,0.5,0.5,101.6,22.0,42.6,0.4179513597513598,0.4394097513597514,0.19989838383838382,101.26666666666667,21.933333333333334,42.666666666666664,0.4178077946127946,0.44007555555555555,0.1989058249158249,1500.0,1500.0,0.0,0.0,0.0,0.0,0.0,0.0,0.0,0.0,0.0,0.0,0.0,0.0,0.0,0.0,0.0
2003-10-07,2003,1,2.0,0.0,0.0,85.0,20.0,38.0,0.37972727272727275,0.29009090909090907,0.09090909090909091,85.0,20.0,38.0,0.37972727272727275,0.29009090909090907,0.09090909090909091,7.0,0.5,0.5,101.6,22.0,42.6,0.4179513597513598,0.4394097513597514,0.19989838383838382,101.26666666666667,21.933333333333334,42.666666666666664,0.4178077946127946,0.44007555555555555,0.1989058249158249,1490.0,1500.0,-5.0,-0.5,-10.0,-16.599999999999994,-16.266666666666666,-2.0,-1.9333333333333336,-4.600000000000001,-4.666666666666664,-0.03822408702408703,-0.038080521885521856,-0.14931884226884234,-0.1499846464646465,-0.10898929292929291,-0.10799673400673399
2003-10-07,2003,0,7.0,0.5,0.5,101.6,22.0,42.6,0.4179513597513598,0.4394097513597514,0.19989838383838382,101.26666666666667,21.933333333333334,42.666666666666664,0.4178077946127946,0.44007555555555555,0.1989058249158249,7.0,0.5,0.5,101.6,22.0,42.6,0.4179513597513598,0.4394097513597514,0.19989838383838382,101.26666666666667,21.933333333333334,42.666666666666664,0.4178077946127946,0.44007555555555555,0.1989058249158249,1500.0,1500.0,0.0,0.0,0.0,0.0,0.0,0.0,0.0,0.0,0.0,0.0,0.0,0.0,0.0,0.0,0.0
2003-10-07,2003,0,7.0,0.5,0.5,101.6,22.0,42.6,0.4179513597513598,0.4394097513597514,0.19989838383838382,101.26666666666667,21.933333333333334,42.666666666666664,0.4178077946127946,0.44007555555555555,0.1989058249158249,7.0,0.5,0.5,101.6,22.0,42.6,0.4179513597513598,0.4394097513597514,0.19989838383838382,101.26666666666667,21.933333333333334,42.666666666666664,0.4178077946127946,0.44007555555555555,0.1989058249158249,1500.0,1500.0,0.0,0.0,0.0,0.0,0.0,0.0,0.0,0.0,0.0,0.0,0.0,0.0,0.0,0.0,0.0
2003-10-08,2003,0,7.0,0.5,0.5,101.6,22.0,42.6,0.4179513597513598,0.4394097513597514,0.19989838383838382,101.26666666666667,21.933333333333334,42.666666666666664,0.4178077946127946,0.44007555555555555,0.1989058249158249,1.0,1.0,1.0,100.0,25.0,52.0,0.3607857142857143,0.5,0.10714285714285714,100.0,25.0,52.0,0.3607857142857143,0.5,0.10714285714285714,1500.0,1510.0,6.0,-0.5,-10.0,1.5999999999999943,1.2666666666666657,-3.0,-3.0666666666666664,-9.399999999999999,-9.333333333333336,0.057165645465645454,0.05702208032708028,-0.06059024864024859,-0.05992444444444445,0.09275552669552668,0.09176296777296776
2003-10-08,2003,1,7.0,0.5,0.5,101.6,22.0,42.6,0.4179513597513598,0.4394097513597514,0.19989838383838382,101.26666666666667,21.933333333333334,42.666666666666664,0.4178077946127946,0.44007555555555555,0.1989058249158249,1.0,1.0,1.0,104.0,26.0,44.0,0.4967692307692308,0.5192307692307693,0.19230769230769232,104.0,26.0,44.0,0.4967692307692308,0.5192307692307693,0.19230769230769232,1500.0,1510.0,6.0,-0.5,-10.0,-2.4000000000000057,-2.7333333333333343,-4.0,-4.066666666666666,-1.3999999999999986,-1.3333333333333357,-0.07881787101787102,-0.0789614361564362,-0.07982101787101786,-0.07915521367521372,0.007590691530691501,0.006598132608132579
2003-10-08,2003,1,7.0,0.5,0.5,101.6,22.0,42.6,0.4179513597513598,0.4394097513597514,0.19989838383838382,101.26666666666667,21.933333333333334,42.666666666666664,0.4178077946127946,0.44007555555555555,0.1989058249158249,7.0,0.5,0.5,101.6,22.0,42.6,0.4179513597513598,0.4394097513597514,0.19989838383838382,101.26666666666667,21.933333333333334,42.666666666666664,0.4178077946127946,0.44007555555555555,0.1989058249158249,1500.0,1500.0,0.0,0.0,0.0,0.0,0.0,0.0,0.0,0.0,0.0,0.0,0.0,0.0,0.0,0.0,0.0
2003-10-08,2003,0,7.0,0.5,0.5,101.6,22.0,42.6,0.4179513597513598,0.4394097513597514,0.19989838383838382,101.26666666666667,21.933333333333334,42.666666666666664,0.4178077946127946,0.44007555555555555,0.1989058249158249,1.0,0.0,0.0,96.0,19.0,37.0,0.3891428571428572,0.3465,0.19049999999999997,96.0,19.0,37.0,0.3891428571428572,0.3465,0.19049999999999997,1500.0,1490.0,6.0,0.5,10.0,5.599999999999994,5.266666666666666,3.0,2.9333333333333336,5.600000000000001,5.666666666666664,0.028808502608502595,0.028664937469937424,0.09290975135975144,0.09357555555555558,0.009398383838383845,0.008405824915824922
2003-10-08,2003,1,7.0,0.5,0.5,101.6,22.0,42.6,0.4179513597513598,0.4394097513597514,0.19989838383838382,101.26666666666667,21.933333333333334,42.666666666666664,0.4178077946127946,0.44007555555555555,0.1989058249158249,1.0,0.0,0.0,78.0,10.0,34.0,0.44533333333333336,0.3645833333333333,0.23608333333333334,78.0,10.0,34.0,0.44533333333333336,0.3645833333333333,0.23608333333333334,1500.0,1490.0,6.0,0.5,10.0,23.599999999999994,23.266666666666666,12.0,11.933333333333334,8.600000000000001,8.666666666666664,-0.027381973581973584,-0.027525538720538756,0.0748264180264181,0.07549222222222224,-0.03618494949494952,-0.03717750841750844
2003-10-08,2003,0,1.0,0.0,0.0,101.6,22.0,42.6,0.4179513597513598,0.4394097513597514,0.19989838383838382,101.26666666666667,21.933333333333334,42.666666666666664,0.4178077946127946,0.44007555555555555,0.1989058249158249,1.0,1.0,1.0,101.6,22.0,42.6,0.4179513597513598,0.4394097513597514,0.19989838383838382,101.26666666666667,21.933333333333334,42.666666666666664,0.4178077946127946,0.44007555555555555,0.1989058249158249,1490.0,1510.0,0.0,-1.0,-20.0,0.0,0.0,0.0,0.0,0.0,0.0,0.0,0.0,0.0,0.0,0.0,0.0
2003-10-08,2003,0,7.0,0.5,0.5,101.6,22.0,42.6,0.4179513597513598,0.4394097513597514,0.19989838383838382,101.26666666666667,21.933333333333334,42.666666666666664,0.4178077946127946,0.44007555555555555,0.1989058249158249,2.0,1.0,1.0,105.0,25.0,48.0,0.4526,0.35373333333333334,0.09113333333333333,105.0,25.0,48.0,0.4526,0.35373333333333334,0.09113333333333333,1500.0,1510.0,5.0,-0.5,-10.0,-3.4000000000000057,-3.7333333333333343,-3.0,-3.0666666666666664,-5.399999999999999,-5.333333333333336,-0.03464864024864023,-0.0347922053872054,0.08567641802641807,0.08634222222222221,0.10876505050505049,0.10777249158249157
2003-10-08,2003,1,7.0,0.5,0.5,101.6,22.0,42.6,0.4179513597513598,0.4394097513597514,0.19989838383838382,101.26666666666667,21.933333333333334,42.666666666666664,0.4178077946127946,0.44007555555555555,0.1989058249158249,1.0,0.0,0.0,76.0,14.0,29.0,0.3536923076923077,0.4633846153846154,0.13184615384615384,76.0,14.0,29.0,0.3536923076923077,0.4633846153846154,0.13184615384615384,1500.0,1489.71225631668,6.0,0.5,10.287743683320059,25.599999999999994,25.266666666666666,8.0,7.933333333333334,13.600000000000001,13.666666666666664,0.06425905205905208,0.06411548692048691,-0.023974864024863984,-0.02330905982905984,0.06805222999222998,0.06705967106967106
2003-10-09,2003,0,2.0,0.0,0.0,84.0,18.0,36.0,0.3006923076923077,0.664076923076923,0.0833076923076923,84.0,18.0,36.0,0.3006923076923077,0.664076923076923,0.0833076923076923,2.0,1.0,1.0,99.0,21.0,42.0,0.4668333333333334,0.4835833333333333,0.06666666666666667,99.0,21.0,42.0,0.4668333333333334,0.4835833333333333,0.06666666666666667,1490.0,1510.0,0.0,-1.0,-20.0,-15.0,-15.0,-3.0,-3.0,-6.0,-6.0,-0.16614102564102567,-0.16614102564102567,0.1804935897435897,0.1804935897435897,0.01664102564102564,0.01664102564102564
2003-10-09,2003,0,7.0,0.5,0.5,101.6,22.0,42.6,0.4179513597513598,0.4394097513597514,0.19989838383838382,101.26666666666667,21.933333333333334,42.666666666666664,0.4178077946127946,0.44007555555555555,0.1989058249158249,2.0,0.0,0.0,79.0,17.0,40.0,0.35609090909090907,0.4506363636363636,0.06054545454545455,79.0,17.0,40.0,0.35609090909090907,0.4506363636363636,0.06054545454545455,1500.0,1490.0,5.0,0.5,10.0,22.599999999999994,22.266666666666666,5.0,4.933333333333334,2.6000000000000014,2.6666666666666643,0.061860450660450705,0.061716885521885534,-0.011226612276612202,-0.01056080808080806,0.13935292929292928,0.13836037037037036
2003-10-09,2003,0,3.0,0.0,0.0,94.0,20.0,43.0,0.3477692307692308,0.4916923076923077,0.038461538461538464,94.0,20.0,43.0,0.3477692307692308,0.4916923076923077,0.038461538461538464,7.0,0.5,0.5,101.6,22.0,42.6,0.4179513597513598,0.4394097513597514,0.19989838383838382,101.26666666666667,21.933333333333334,42.666666666666664,0.4178077946127946,0.44007555555555555,0.1989058249158249,1490.0,1500.0,-4.0,-0.5,-10.0,-7.599999999999994,-7.266666666666666,-2.0,-1.9333333333333336,0.3999999999999986,0.3333333333333357,-0.070182128982129,-0.07003856384356383,0.052282556332556296,0.05161675213675215,-0.16143684537684536,-0.16044428645428643
2003-10-09,2003,0,2.0,1.0,1.0,102.0,21.0,32.0,0.5255384615384615,0.5505384615384615,0.141,102.0,21.0,32.0,0.5255384615384615,0.5505384615384615,0.141,2.0,1.0,1.0,101.0,19.0,37.0,0.48650000000000004,0.7,0.1833,101.0,19.0,37.0,0.48650000000000004,0.7,0.1833,1510.0,1510.0,0.0,0.0,0.0,1.0,1.0,2.0,2.0,-5.0,-5.0,0.039038461538461466,0.039038461538461466,-0.14946153846153842,-0.14946153846153842,-0.042300000000000004,-0.042300000000000004
2003-10-10,2003,0,3.0,0.0,0.0,79.0,12.0,50.0,0.353,0.29245454545454547,0.05190909090909091,79.0,12.0,50.0,0.353,0.29245454545454547,0.05190909090909091,1.0,0.0,0.5,102.0,21.0,32.0,0.5255384615384615,0.5505384615384615,0.141,102.0,21.0,32.0,0.5255384615384615,0.5505384615384615,0.141,1490.0,1500.0,2.0,-0.5,-10.0,-23.0,-23.0,-9.0,-9.0,18.0,18.0,-0.17253846153846153,-0.17253846153846153,-0.25808391608391607,-0.25808391608391607,-0.08909090909090908,-0.08909090909090908
2003-10-10,2003,0,2.0,0.0,0.0,78.0,9.0,36.0,0.4121666666666667,0.5155916666666667,0.16149166666666667,78.0,9.0,36.0,0.4121666666666667,0.5155916666666667,0.16149166666666667,2.0,1.0,1.0,92.0,22.0,40.0,0.31136363636363634,0.3860909090909091,0.2318181818181818,92.0,22.0,40.0,0.31136363636363634,0.3860909090909091,0.2318181818181818,1480.28774368332,1509.71225631668,0.0,-1.0,-29.424512633359882,-14.0,-14.0,-13.0,-13.0,-4.0,-4.0,0.10080303030303034,0.10080303030303034,0.12950075757575757,0.12950075757575757,-0.07032651515151514,-0.07032651515151514
2003-10-10,2003,0,2.0,0.0,0.0,58.0,10.0,31.0,0.39681818181818185,0.40454545454545454,0.18181818181818182,58.0,10.0,31.0,0.39681818181818185,0.40454545454545454,0.18181818181818182,2.0,0.0,0.0,89.0,21.0,36.0,0.4194615384615385,0.46153846153846156,0.15384615384615385,89.0,21.0,36.0,0.4194615384615385,0.46153846153846156,0.15384615384615385,1490.0,1489.71225631668,0.0,0.0,0.28774368332005906,-31.0,-31.0,-11.0,-11.0,-5.0,-5.0,-0.02264335664335665,-0.02264335664335665,-0.05699300699300702,-0.05699300699300702,0.02797202797202797,0.02797202797202797
2003-10-10,2003,0,2.0,0.0,0.5,87.5,20.5,42.5,0.4099755244755245,0.4687062937062937,0.1840174825174825,87.5,20.5,42.5,0.4099755244755245,0.4687062937062937,0.1840174825174825,3.0,0.0,0.0,79.0,7.0,44.0,0.2893846153846154,0.47115384615384615,0.07692307692307693,79.0,7.0,44.0,0.2893846153846154,0.47115384615384615,0.07692307692307693,1499.71225631668,1490.0,-1.0,0.5,9.712256316679941,8.5,8.5,13.5,13.5,-1.5,-1.5,0.12059090909090908,0.12059090909090908,-0.002447552447552459,-0.002447552447552459,0.10709440559440558,0.10709440559440558
2003-10-10,2003,0,3.0,1.0,1.0,86.0,15.0,55.0,0.25525000000000003,0.41275,0.0625,86.0,15.0,55.0,0.25525000000000003,0.41275,0.0625,2.0,0.0,0.0,80.0,18.0,45.0,0.23109090909090907,0.561,0.13636363636363635,80.0,18.0,45.0,0.23109090909090907,0.561,0.13636363636363635,1510.0,1490.28774368332,1.0,1.0,19.71225631667994,6.0,6.0,-3.0,-3.0,10.0,10.0,0.024159090909090963,0.024159090909090963,-0.14825000000000005,-0.14825000000000005,-0.07386363636363635,-0.07386363636363635
2003-10-11,2003,0,3.0,1.0,1.0,62.0,11.0,30.0,0.2222,0.4357333333333333,0.09333333333333332,62.0,11.0,30.0,0.2222,0.4357333333333333,0.09333333333333332,1.0,1.0,0.5,89.0,21.0,36.0,0.4194615384615385,0.46153846153846156,0.15384615384615385,89.0,21.0,36.0,0.4194615384615385,0.46153846153846156,0.15384615384615385,1510.0,1499.7205382437342,2.0,0.5,10.279461756265846,-27.0,-27.0,-10.0,-10.0,-6.0,-6.0,-0.1972615384615385,-0.1972615384615385,-0.025805128205128258,-0.025805128205128258,-0.06051282051282053,-0.06051282051282053
2003-10-11,2003,0,2.0,0.0,0.0,84.0,18.0,36.0,0.3006923076923077,0.664076923076923,0.0833076923076923,84.0,18.0,36.0,0.3006923076923077,0.664076923076923,0.0833076923076923,2.0,1.0,1.0,101.6,22.0,42.6,0.4179513597513598,0.4394097513597514,0.19989838383838382,101.26666666666667,21.933333333333334,42.666666666666664,0.4178077946127946,0.44007555555555555,0.1989058249158249,1480.5750112778453,1509.71225631668,0.0,-1.0,-29.137245038834635,-17.599999999999994,-17.266666666666666,-4.0,-3.9333333333333336,-6.600000000000001,-6.666666666666664,-0.11725905205905207,-0.1171154869204869,0.2246671717171716,0.22400136752136746,-0.11659069153069151,-0.11559813260813259
2003-10-11,2003,0,3.0,0.0,0.0,86.0,15.5,33.0,0.4265128205128205,0.45981730769230766,0.06592307692307692,86.0,15.5,33.0,0.4265128205128205,0.45981730769230766,0.06592307692307692,1.0,0.0,0.5,86.0,15.0,55.0,0.25525000000000003,0.41275,0.0625,86.0,15.0,55.0,0.25525000000000003,0.41275,0.0625,1480.0082748727182,1499.43324365913,2.0,-0.5,-19.42496878641191,0.0,0.0,0.5,0.5,-22.0,-22.0,0.1712628205128205,0.1712628205128205,0.04706730769230766,0.04706730769230766,0.0034230769230769176,0.0034230769230769176
2003-10-11,2003,0,1.0,1.0,0.5,79.0,7.0,44.0,0.2893846153846154,0.47115384615384615,0.07692307692307693,79.0,7.0,44.0,0.2893846153846154,0.47115384615384615,0.07692307692307693,3.0,0.0,0.0,101.6,22.0,42.6,0.4179513597513598,0.4394097513597514,0.19989838383838382,101.26666666666667,21.933333333333334,42.666666666666664,0.4178077946127946,0.44007555555555555,0.1989058249158249,1500.2794684162,1490.28774368332,-2.0,0.5,9.991724732879902,-22.599999999999994,-22.266666666666666,-15.0,-14.933333333333334,1.3999999999999986,1.3333333333333357,-0.12856674436674437,-0.1284231792281792,0.031744094794094735,0.031078290598290592,-0.12297530691530689,-0.12198274799274797
2003-10-11,2003,0,2.0,0.0,0.0,94.0,20.0,43.0,0.3477692307692308,0.4916923076923077,0.038461538461538464,94.0,20.0,43.0,0.3477692307692308,0.4916923076923077,0.038461538461538464,1.0,0.0,0.0,58.0,10.0,31.0,0.39681818181818185,0.40454545454545454,0.18181818181818182,58.0,10.0,31.0,0.39681818181818185,0.40454545454545454,0.18181818181818182,1480.28774368332,1479.9917180729458,1.0,0.0,0.2960256103742722,36.0,36.0,10.0,10.0,12.0,12.0,-0.04904895104895107,-0.04904895104895107,0.08714685314685316,0.08714685314685316,-0.14335664335664336,-0.14335664335664336
2003-10-11,2003,0,6.0,1.0,1.0,90.0,23.0,41.0,0.5135789473684211,0.4306842105263158,0.05263157894736842,90.0,23.0,41.0,0.5135789473684211,0.4306842105263158,0.05263157894736842,1.0,1.0,1.0,92.0,22.0,40.0,0.31136363636363634,0.3860909090909091,0.2318181818181818,92.0,22.0,40.0,0.31136363636363634,0.3860909090909091,0.2318181818181818,1510.0,1518.8673697795948,5.0,0.0,-8.86736977959481,-2.0,-2.0,1.0,1.0,1.0,1.0,0.2022153110047848,0.2022153110047848,0.044593301435406685,0.044593301435406685,-0.1791866028708134,-0.1791866028708134
2003-10-11,2003,0,2.0,1.0,0.5,79.0,17.0,40.0,0.35609090909090907,0.4506363636363636,0.06054545454545455,79.0,17.0,40.0,0.35609090909090907,0.4506363636363636,0.06054545454545455,2.0,0.0,0.0,101.6,22.0,42.6,0.4179513597513598,0.4394097513597514,0.19989838383838382,101.26666666666667,21.933333333333334,42.666666666666664,0.4178077946127946,0.44007555555555555,0.1989058249158249,1500.28774368332,1489.71225631668,0.0,0.5,10.575487366640118,-22.599999999999994,-22.266666666666666,-5.0,-4.933333333333334,-2.6000000000000014,-2.6666666666666643,-0.061860450660450705,-0.061716885521885534,0.011226612276612202,0.01056080808080806,-0.13935292929292928,-0.13836037037037036
2003-10-11,2003,0,3.0,1.0,1.0,101.6,22.0,42.6,0.4179513597513598,0.4394097513597514,0.19989838383838382,101.26666666666667,21.933333333333334,42.666666666666664,0.4178077946127946,0.44007555555555555,0.1989058249158249,2.0,1.0,1.0,101.0,19.0,37.0,0.48650000000000004,0.7,0.1833,101.0,19.0,37.0,0.48650000000000004,0.7,0.1833,1519.4249887221547,1520.0,1.0,0.0,-0.5750112778453058,0.5999999999999943,0.2666666666666657,3.0,2.9333333333333336,5.600000000000001,5.666666666666664,-0.06854864024864027,-0.06869220538720544,-0.26059024864024855,-0.2599244444444444,0.01659838383838383,0.015605824915824906
2003-10-11,2003,0,4.0,1.0,0.5,92.0,20.0,45.0,0.40524825174825174,0.3245454545454545,0.08391608391608392,92.0,20.0,45.0,0.40524825174825174,0.3245454545454545,0.08391608391608392,3.0,1.0,1.0,103.0,27.0,38.0,0.5134000000000001,0.36669999999999997,0.2467,103.0,27.0,38.0,0.5134000000000001,0.36669999999999997,0.2467,1500.28774368332,1509.7039814439618,1.0,-0.5,-9.416237760641707,-11.0,-11.0,-7.0,-7.0,7.0,7.0,-0.10815174825174834,-0.10815174825174834,-0.042154545454545445,-0.042154545454545445,-0.16278391608391607,-0.16278391608391607
2003-10-12,2003,0,2.0,0.0,0.0,78.0,9.0,36.0,0.4121666666666667,0.5155916666666667,0.16149166666666667,78.0,9.0,36.0,0.4121666666666667,0.5155916666666667,0.16149166666666667,1.0,1.0,1.0,103.0,27.0,38.0,0.5134000000000001,0.36669999999999997,0.2467,103.0,27.0,38.0,0.5134000000000001,0.36669999999999997,0.2467,1471.1326302204052,1519.4330266729314,1.0,-1.0,-48.30039645252623,-25.0,-25.0,-18.0,-18.0,-2.0,-2.0,-0.1012333333333334,-0.1012333333333334,0.1488916666666667,0.1488916666666667,-0.08520833333333333,-0.08520833333333333
2003-10-12,2003,0,1.0,0.0,0.0,84.0,18.0,36.0,0.3006923076923077,0.664076923076923,0.0833076923076923,84.0,18.0,36.0,0.3006923076923077,0.664076923076923,0.0833076923076923,1.0,1.0,0.5,101.6,22.0,42.6,0.4179513597513598,0.4394097513597514,0.19989838383838382,101.26666666666667,21.933333333333334,42.666666666666664,0.4178077946127946,0.44007555555555555,0.1989058249158249,1471.4116880386264,1500.5752493823488,0.0,-0.5,-29.16356134372245,-17.599999999999994,-17.266666666666666,-4.0,-3.9333333333333336,-6.600000000000001,-6.666666666666664,-0.11725905205905207,-0.1171154869204869,0.2246671717171716,0.22400136752136746,-0.11659069153069151,-0.11559813260813259
2003-10-12,2003,0,4.0,1.0,0.5,99.5,20.5,37.5,0.44032142857142864,0.44999999999999996,0.17858333333333332,99.5,20.5,37.5,0.44032142857142864,0.44999999999999996,0.17858333333333332,4.0,1.0,1.0,76.0,17.0,39.0,0.40236363636363637,0.39399999999999996,0.06054545454545455,76.0,17.0,39.0,0.40236363636363637,0.39399999999999996,0.06054545454545455,1500.28774368332,1510.28774368332,0.0,-0.5,-10.0,23.5,23.5,3.5,3.5,-1.5,-1.5,0.037957792207792274,0.037957792207792274,0.055999999999999994,0.055999999999999994,0.11803787878787877,0.11803787878787877
2003-10-13,2003,0,2.0,1.0,1.0,101.6,22.0,42.6,0.4179513597513598,0.4394097513597514,0.19989838383838382,101.26666666666667,21.933333333333334,42.666666666666664,0.4178077946127946,0.44007555555555555,0.1989058249158249,3.0,1.0,0.5,80.0,18.0,45.0,0.23109090909090907,0.561,0.13636363636363635,80.0,18.0,45.0,0.23109090909090907,0.561,0.13636363636363635,1518.8755795558989,1500.85450002419,-1.0,0.5,18.021079531708892,21.599999999999994,21.266666666666666,4.0,3.9333333333333336,-2.3999999999999986,-2.3333333333333357,0.1868604506604507,0.18671688552188553,-0.12159024864024864,-0.1209244444444445,0.06353474747474747,0.06254218855218854
2003-10-13,2003,0,5.0,1.0,1.0,91.5,23.0,47.0,0.40444285714285716,0.3907,0.09522142857142857,91.5,23.0,47.0,0.40444285714285716,0.3907,0.09522142857142857,2.0,0.0,0.0,94.0,20.0,43.0,0.3477692307692308,0.4916923076923077,0.038461538461538464,94.0,20.0,43.0,0.3477692307692308,0.4916923076923077,0.038461538461538464,1519.71225631668,1470.279223383412,3.0,1.0,49.433032933267896,-2.5,-2.5,3.0,3.0,4.0,4.0,0.056673626373626385,0.056673626373626385,-0.10099230769230771,-0.10099230769230771,0.056759890109890104,0.056759890109890104
2003-10-14,2003,0,3.0,0.0,0.0,86.0,15.5,33.0,0.4265128205128205,0.45981730769230766,0.06592307692307692,86.0,15.5,33.0,0.4265128205128205,0.45981730769230766,0.06592307692307692,2.0,1.0,1.0,103.0,27.0,38.0,0.5134000000000001,0.36669999999999997,0.2467,103.0,27.0,38.0,0.5134000000000001,0.36669999999999997,0.2467,1470.5667885898165,1528.0517166886086,1.0,-1.0,-57.484928098792125,-17.0,-17.0,-11.5,-11.5,-5.0,-5.0,-0.08688717948717956,-0.08688717948717956,0.0931173076923077,0.0931173076923077,-0.18077692307692309,-0.18077692307692309
2003-10-14,2003,0,6.0,1.0,1.0,105.0,25.0,48.0,0.4526,0.35373333333333334,0.09113333333333333,105.0,25.0,48.0,0.4526,0.35373333333333334,0.09113333333333333,4.0,0.0,0.3333333333333333,87.5,20.5,42.5,0.4099755244755245,0.4687062937062937,0.1840174825174825,87.5,20.5,42.5,0.4099755244755245,0.4687062937062937,0.1840174825174825,1519.71225631668,1489.43278790048,2.0,0.6666666666666667,30.27946841619996,17.5,17.5,4.5,4.5,5.5,5.5,0.042624475524475514,0.042624475524475514,-0.11497296037296034,-0.11497296037296034,-0.09288414918414918,-0.09288414918414918
2003-10-14,2003,0,3.0,1.0,0.6666666666666666,86.0,15.0,55.0,0.25525000000000003,0.41275,0.0625,86.0,15.0,55.0,0.25525000000000003,0.41275,0.0625,2.0,1.0,0.6666666666666666,101.6,22.0,42.6,0.4179513597513598,0.4394097513597514,0.19989838383838382,101.26666666666667,21.933333333333334,42.666666666666664,0.4178077946127946,0.44007555555555555,0.1989058249158249,1508.8747299420318,1509.737820484515,1.0,0.0,-0.8630905424831781,-15.599999999999994,-15.266666666666666,-7.0,-6.933333333333334,12.399999999999999,12.333333333333336,-0.16270135975135974,-0.16255779461279457,-0.026659751359751405,-0.027325555555555547,-0.13739838383838382,-0.1364058249158249
2003-10-14,2003,0,5.0,1.0,1.0,99.0,21.0,42.0,0.4668333333333334,0.4835833333333333,0.06666666666666667,99.0,21.0,42.0,0.4668333333333334,0.4835833333333333,0.06666666666666667,3.0,0.0,0.3333333333333333,79.0,7.0,44.0,0.2893846153846154,0.47115384615384615,0.07692307692307693,79.0,7.0,44.0,0.2893846153846154,0.47115384615384615,0.07692307692307693,1519.4249887221547,1489.9919627171712,2.0,0.6666666666666667,29.433026004983503,20.0,20.0,14.0,14.0,-2.0,-2.0,0.17744871794871797,0.17744871794871797,0.012429487179487164,0.012429487179487164,-0.010256410256410262,-0.010256410256410262
2003-10-14,2003,0,3.0,1.0,0.3333333333333333,58.0,10.0,31.0,0.39681818181818185,0.40454545454545454,0.18181818181818182,58.0,10.0,31.0,0.39681818181818185,0.40454545454545454,0.18181818181818182,3.0,0.0,0.5,62.0,11.0,30.0,0.2222,0.4357333333333333,0.09333333333333332,62.0,11.0,30.0,0.2222,0.4357333333333333,0.09333333333333332,1490.0002383728538,1499.704219608273,0.0,-0.16666666666666669,-9.703981235419178,-4.0,-4.0,-1.0,-1.0,1.0,1.0,0.17461818181818184,0.17461818181818184,-0.031187878787878764,-0.031187878787878764,0.0884848484848485,0.0884848484848485
2003-10-14,2003,0,4.0,0.0,0.0,79.0,12.0,50.0,0.353,0.29245454545454547,0.05190909090909091,79.0,12.0,50.0,0.353,0.29245454545454547,0.05190909090909091,3.0,0.0,0.3333333333333333,92.0,20.0,45.0,0.40524825174825174,0.3245454545454545,0.08391608391608392,92.0,20.0,45.0,0.40524825174825174,0.3245454545454545,0.08391608391608392,1480.28774368332,1490.5586984543504,1.0,-0.3333333333333333,-10.270954771030347,-13.0,-13.0,-8.0,-8.0,5.0,5.0,-0.05224825174825176,-0.05224825174825176,-0.03209090909090906,-0.03209090909090906,-0.03200699300699301,-0.03200699300699301
2003-10-14,2003,0,3.0,1.0,1.0,101.0,19.0,37.0,0.48650000000000004,0.7,0.1833,101.0,19.0,37.0,0.48650000000000004,0.7,0.1833,2.0,0.0,0.0,78.0,9.0,36.0,0.4121666666666667,0.5155916666666667,0.16149166666666667,78.0,9.0,36.0,0.4121666666666667,0.5155916666666667,0.16149166666666667,1529.9834498601524,1462.513940204728,1.0,1.0,67.46950965542442,23.0,23.0,10.0,10.0,1.0,1.0,0.07433333333333336,0.07433333333333336,0.18440833333333329,0.18440833333333329,0.02180833333333332,0.02180833333333332
2003-10-14,2003,0,4.0,1.0,0.6666666666666666,102.0,21.0,32.0,0.5255384615384615,0.5505384615384615,0.141,102.0,21.0,32.0,0.5255384615384615,0.5505384615384615,0.141,3.0,1.0,1.0,92.0,22.0,40.0,0.31136363636363634,0.3860909090909091,0.2318181818181818,92.0,22.0,40.0,0.31136363636363634,0.3860909090909091,0.2318181818181818,1509.71225631668,1528.6122017634575,1.0,-0.33333333333333337,-18.899945446777565,10.0,10.0,-1.0,-1.0,-8.0,-8.0,0.21417482517482517,0.21417482517482517,0.16444755244755244,0.16444755244755244,-0.09081818181818183,-0.09081818181818183
2003-10-14,2003,0,6.0,0.0,0.0,101.6,22.0,42.6,0.4179513597513598,0.4394097513597514,0.19989838383838382,101.26666666666667,21.933333333333334,42.666666666666664,0.4178077946127946,0.44007555555555555,0.1989058249158249,3.0,0.0,0.3333333333333333,79.0,17.0,40.0,0.35609090909090907,0.4506363636363636,0.06054545454545455,79.0,17.0,40.0,0.35609090909090907,0.4506363636363636,0.06054545454545455,1480.5750112778453,1489.9834506602879,3.0,-0.3333333333333333,-9.408439382442566,22.599999999999994,22.266666666666666,5.0,4.933333333333334,2.6000000000000014,2.6666666666666643,0.061860450660450705,0.061716885521885534,-0.011226612276612202,-0.01056080808080806,0.13935292929292928,0.13836037037037036
2003-10-14,2003,0,3.0,0.0,0.5,90.0,23.0,41.0,0.5135789473684211,0.4306842105263158,0.05263157894736842,90.0,23.0,41.0,0.5135789473684211,0.4306842105263158,0.05263157894736842,2.0,0.0,0.0,84.0,18.0,36.0,0.3006923076923077,0.664076923076923,0.0833076923076923,84.0,18.0,36.0,0.3006923076923077,0.664076923076923,0.0833076923076923,1500.2551680161373,1462.2491169364603,1.0,0.5,38.006051079677036,6.0,6.0,5.0,5.0,5.0,5.0,0.21288663967611343,0.21288663967611343,-0.23339271255060723,-0.23339271255060723,-0.030676113360323887,-0.030676113360323887
2003-10-15,2003,0,4.0,0.0,0.6666666666666666,101.6,22.0,42.6,0.4179513597513598,0.4394097513597514,0.19989838383838382,101.26666666666667,21.933333333333334,42.666666666666664,0.4178077946127946,0.44007555555555555,0.1989058249158249,1.0,1.0,1.0,92.0,22.0,40.0,0.31136363636363634,0.3860909090909091,0.2318181818181818,92.0,22.0,40.0,0.31136363636363634,0.3860909090909091,0.2318181818181818,1509.4415388620023,1538.0687535547574,3.0,-0.33333333333333337,-28.62721469275516,9.599999999999994,9.266666666666666,0.0,-0.06666666666666643,2.6000000000000014,2.6666666666666643,0.10658772338772343,0.10644415824915826,0.053318842268842315,0.05398464646464646,-0.03191979797979799,-0.032912356902356915
2003-10-15,2003,0,1.0,1.0,0.6666666666666666,62.0,11.0,30.0,0.2222,0.4357333333333333,0.09333333333333332,62.0,11.0,30.0,0.2222,0.4357333333333333,0.09333333333333332,4.0,1.0,0.5,101.6,22.0,42.6,0.4179513597513598,0.4394097513597514,0.19989838383838382,101.26666666666667,21.933333333333334,42.666666666666664,0.4178077946127946,0.44007555555555555,0.1989058249158249,1509.4249891821942,1500.0165493397121,-3.0,0.16666666666666663,9.40843984248204,-39.599999999999994,-39.266666666666666,-11.0,-10.933333333333334,-12.600000000000001,-12.666666666666664,-0.19575135975135977,-0.1956077946127946,-0.0036764180264181046,-0.004342222222222247,-0.1065650505050505,-0.10557249158249157
2003-10-15,2003,0,3.0,0.0,0.3333333333333333,99.5,20.5,37.5,0.44032142857142864,0.44999999999999996,0.17858333333333332,99.5,20.5,37.5,0.44032142857142864,0.44999999999999996,0.17858333333333332,4.0,1.0,0.6666666666666666,89.0,21.0,36.0,0.4194615384615385,0.46153846153846156,0.15384615384615385,89.0,21.0,36.0,0.4194615384615385,0.46153846153846156,0.15384615384615385,1490.5754873666401,1510.0163186354612,-1.0,-0.3333333333333333,-19.440831268821057,10.5,10.5,-0.5,-0.5,1.5,1.5,0.020859890109890145,0.020859890109890145,-0.011538461538461608,-0.011538461538461608,0.02473717948717946,0.02473717948717946
2003-10-15,2003,0,2.0,0.0,0.6666666666666666,101.6,22.0,42.6,0.4179513597513598,0.4394097513597514,0.19989838383838382,101.26666666666667,21.933333333333334,42.666666666666664,0.4178077946127946,0.44007555555555555,0.1989058249158249,3.0,1.0,1.0,76.0,17.0,39.0,0.40236363636363637,0.39399999999999996,0.06054545454545455,76.0,17.0,39.0,0.40236363636363637,0.39399999999999996,0.06054545454545455,1508.3573558478558,1520.0,-1.0,-0.33333333333333337,-11.642644152144157,25.599999999999994,25.266666666666666,5.0,4.933333333333334,3.6000000000000014,3.6666666666666643,0.015587723387723407,0.015444158249158235,0.04540975135975145,0.04607555555555559,0.13935292929292928,0.13836037037037036
2003-10-16,2003,0,3.0,1.0,0.6666666666666666,80.0,18.0,45.0,0.23109090909090907,0.561,0.13636363636363635,80.0,18.0,45.0,0.23109090909090907,0.561,0.13636363636363635,2.0,0.0,0.5,86.0,15.0,55.0,0.25525000000000003,0.41275,0.0625,86.0,15.0,55.0,0.25525000000000003,0.41275,0.0625,1511.372723732233,1498.8995716336442,1.0,0.16666666666666663,12.473152098588798,-6.0,-6.0,3.0,3.0,-10.0,-10.0,-0.024159090909090963,-0.024159090909090963,0.14825000000000005,0.14825000000000005,0.07386363636363635,0.07386363636363635
2003-10-16,2003,0,2.0,1.0,1.0,103.0,27.0,38.0,0.5134000000000001,0.36669999999999997,0.2467,103.0,27.0,38.0,0.5134000000000001,0.36669999999999997,0.2467,2.0,0.0,0.25,58.0,10.0,31.0,0.39681818181818185,0.40454545454545454,0.18181818181818182,58.0,10.0,31.0,0.39681818181818185,0.40454545454545454,0.18181818181818182,1536.412101889104,1480.2794687989326,0.0,0.75,56.13263309017134,45.0,45.0,17.0,17.0,7.0,7.0,0.11658181818181823,0.11658181818181823,-0.03784545454545457,-0.03784545454545457,0.06488181818181818,0.06488181818181818
2003-10-16,2003,0,2.0,1.0,0.2,78.0,9.0,36.0,0.4121666666666667,0.5155916666666667,0.16149166666666667,78.0,9.0,36.0,0.4121666666666667,0.5155916666666667,0.16149166666666667,2.0,0.0,0.75,101.0,19.0,37.0,0.48650000000000004,0.7,0.1833,101.0,19.0,37.0,0.48650000000000004,0.7,0.1833,1474.431820873181,1518.0655691916993,0.0,-0.55,-43.6337483185182,-23.0,-23.0,-10.0,-10.0,-1.0,-1.0,-0.07433333333333336,-0.07433333333333336,-0.18440833333333329,-0.18440833333333329,-0.02180833333333332,-0.02180833333333332
2003-10-16,2003,0,2.0,0.0,0.0,79.0,12.0,50.0,0.353,0.29245454545454547,0.05190909090909091,79.0,12.0,50.0,0.353,0.29245454545454547,0.05190909090909091,2.0,1.0,0.5,79.0,17.0,40.0,0.35609090909090907,0.4506363636363636,0.06054545454545455,79.0,17.0,40.0,0.35609090909090907,0.4506363636363636,0.06054545454545455,1470.583279438363,1499.712720179974,0.0,-0.5,-29.129440741611006,0.0,0.0,-5.0,-5.0,10.0,10.0,-0.0030909090909090886,-0.0030909090909090886,-0.15818181818181815,-0.15818181818181815,-0.008636363636363636,-0.008636363636363636
2003-10-16,2003,0,2.0,0.0,0.0,101.6,22.0,42.6,0.4179513597513598,0.4394097513597514,0.19989838383838382,101.26666666666667,21.933333333333334,42.666666666666664,0.4178077946127946,0.44007555555555555,0.1989058249158249,3.0,0.0,0.6666666666666666,91.5,23.0,47.0,0.40444285714285716,0.3907,0.09522142857142857,91.5,23.0,47.0,0.40444285714285716,0.3907,0.09522142857142857,1470.8457417581592,1508.2989829521177,-1.0,-0.6666666666666666,-37.45324119395855,10.099999999999994,9.766666666666666,-1.0,-1.0666666666666664,-4.399999999999999,-4.333333333333336,0.013508502608502615,0.013364937469937443,0.04870975135975142,0.04937555555555556,0.10467695526695525,0.10368439634439633
2003-10-16,2003,0,2.0,0.0,0.3333333333333333,90.0,23.0,41.0,0.5135789473684211,0.4306842105263158,0.05263157894736842,90.0,23.0,41.0,0.5135789473684211,0.4306842105263158,0.05263157894736842,2.0,0.0,0.0,86.0,15.5,33.0,0.4265128205128205,0.45981730769230766,0.06592307692307692,86.0,15.5,33.0,0.4265128205128205,0.45981730769230766,0.06592307692307692,1489.1656084388756,1462.2064033893212,0.0,0.3333333333333333,26.959205049554384,4.0,4.0,7.5,7.5,8.0,8.0,0.08706612685560061,0.08706612685560061,-0.029133097165991884,-0.029133097165991884,-0.0132914979757085,-0.0132914979757085
2003-10-17,2003,0,1.0,0.0,0.0,101.6,22.0,42.6,0.4179513597513598,0.4394097513597514,0.19989838383838382,101.26666666666667,21.933333333333334,42.666666666666664,0.4178077946127946,0.44007555555555555,0.1989058249158249,1.0,1.0,0.6,79.0,17.0,40.0,0.35609090909090907,0.4506363636363636,0.06054545454545455,79.0,17.0,40.0,0.35609090909090907,0.4506363636363636,0.06054545454545455,1461.919576362669,1508.8762664728995,0.0,-0.6,-46.95669011023051,22.599999999999994,22.266666666666666,5.0,4.933333333333334,2.6000000000000014,2.6666666666666643,0.061860450660450705,0.061716885521885534,-0.011226612276612202,-0.01056080808080806,0.13935292929292928,0.13836037037037036
2003-10-17,2003,0,1.0,0.0,0.25,90.0,23.0,41.0,0.5135789473684211,0.4306842105263158,0.05263157894736842,90.0,23.0,41.0,0.5135789473684211,0.4306842105263158,0.05263157894736842,3.0,1.0,0.5,79.0,7.0,44.0,0.2893846153846154,0.47115384615384615,0.07692307692307693,79.0,7.0,44.0,0.2893846153846154,0.47115384615384615,0.07692307692307693,1478.3912137188086,1500.8370925391469,-2.0,-0.25,-22.445878820338294,11.0,11.0,16.0,16.0,-3.0,-3.0,0.22419433198380573,0.22419433198380573,-0.040469635627530365,-0.040469635627530365,-0.02429149797570851,-0.02429149797570851
2003-10-17,2003,0,3.0,1.0,0.75,101.6,22.0,42.6,0.4179513597513598,0.4394097513597514,0.19989838383838382,101.26666666666667,21.933333333333334,42.666666666666664,0.4178077946127946,0.44007555555555555,0.1989058249158249,3.0,1.0,0.2,84.0,18.0,36.0,0.3006923076923077,0.664076923076923,0.0833076923076923,84.0,18.0,36.0,0.3006923076923077,0.664076923076923,0.0833076923076923,1519.7129787929025,1473.338676513722,0.0,0.55,46.37430227918048,17.599999999999994,17.266666666666666,4.0,3.9333333333333336,6.600000000000001,6.666666666666664,0.11725905205905207,0.1171154869204869,-0.2246671717171716,-0.22400136752136746,0.11659069153069151,0.11559813260813259
2003-10-17,2003,0,2.0,0.0,0.5,62.0,11.0,30.0,0.2222,0.4357333333333333,0.09333333333333332,62.0,11.0,30.0,0.2222,0.4357333333333333,0.09333333333333332,2.0,0.0,0.5,101.6,22.0,42.6,0.4179513597513598,0.4394097513597514,0.19989838383838382,101.26666666666667,21.933333333333334,42.666666666666664,0.4178077946127946,0.44007555555555555,0.1989058249158249,1499.154258688649,1498.6923327073325,0.0,0.0,0.46192598131642626,-39.599999999999994,-39.266666666666666,-11.0,-10.933333333333334,-12.600000000000001,-12.666666666666664,-0.19575135975135977,-0.1956077946127946,-0.0036764180264181046,-0.004342222222222247,-0.1065650505050505,-0.10557249158249157
2003-10-17,2003,0,3.0,0.0,0.6666666666666666,105.0,25.0,48.0,0.4526,0.35373333333333334,0.09113333333333333,105.0,25.0,48.0,0.4526,0.35373333333333334,0.09113333333333333,1.0,1.0,0.2,86.0,15.5,33.0,0.4265128205128205,0.45981730769230766,0.06592307692307692,86.0,15.5,33.0,0.4265128205128205,0.45981730769230766,0.06592307692307692,1508.8429429591536,1472.9807981093882,2.0,0.4666666666666666,35.8621448497654,19.0,19.0,9.5,9.5,15.0,15.0,0.02608717948717948,0.02608717948717948,-0.10608397435897432,-0.10608397435897432,0.025210256410256413,0.025210256410256413
2003-10-17,2003,0,2.0,0.0,0.25,99.5,20.5,37.5,0.44032142857142864,0.44999999999999996,0.17858333333333332,99.5,20.5,37.5,0.44032142857142864,0.44999999999999996,0.17858333333333332,1.0,1.0,0.6,86.0,15.0,55.0,0.25525000000000003,0.41275,0.0625,86.0,15.0,55.0,0.25525000000000003,0.41275,0.0625,1481.1344562173429,1509.2584236536218,1.0,-0.35,-28.123967436278917,13.5,13.5,5.5,5.5,-17.5,-17.5,0.1850714285714286,0.1850714285714286,0.03724999999999995,0.03724999999999995,0.11608333333333332,0.11608333333333332
2003-10-17,2003,0,1.0,0.0,0.0,79.0,12.0,50.0,0.353,0.29245454545454547,0.05190909090909091,79.0,12.0,50.0,0.353,0.29245454545454547,0.05190909090909091,1.0,1.0,0.75,91.5,23.0,47.0,0.40444285714285716,0.3907,0.09522142857142857,91.5,23.0,47.0,0.40444285714285716,0.3907,0.09522142857142857,1461.4197331454375,1517.225148347608,0.0,-0.75,-55.80541520217048,-12.5,-12.5,-11.0,-11.0,3.0,3.0,-0.05144285714285718,-0.05144285714285718,-0.09824545454545452,-0.09824545454545452,-0.043312337662337656,-0.043312337662337656
2003-10-17,2003,0,3.0,0.0,0.6666666666666666,99.0,21.0,42.0,0.4668333333333334,0.4835833333333333,0.06666666666666667,99.0,21.0,42.0,0.4668333333333334,0.4835833333333333,0.06666666666666667,2.0,1.0,0.75,89.0,21.0,36.0,0.4194615384615385,0.46153846153846156,0.15384615384615385,89.0,21.0,36.0,0.4194615384615385,0.46153846153846156,0.15384615384615385,1508.579858900179,1519.4573497847584,1.0,-0.08333333333333337,-10.877490884579402,10.0,10.0,0.0,0.0,6.0,6.0,0.04737179487179488,0.04737179487179488,0.022044871794871745,0.022044871794871745,-0.08717948717948719,-0.08717948717948719
2003-10-17,2003,0,2.0,1.0,1.0,76.0,17.0,39.0,0.40236363636363637,0.39399999999999996,0.06054545454545455,76.0,17.0,39.0,0.40236363636363637,0.39399999999999996,0.06054545454545455,2.0,1.0,0.6666666666666666,101.6,22.0,42.6,0.4179513597513598,0.4394097513597514,0.19989838383838382,101.26666666666667,21.933333333333334,42.666666666666664,0.4178077946127946,0.44007555555555555,0.1989058249158249,1529.6650231405233,1510.2872798332573,0.0,0.33333333333333337,19.377743307265973,-25.599999999999994,-25.266666666666666,-5.0,-4.933333333333334,-3.6000000000000014,-3.6666666666666643,-0.015587723387723407,-0.015444158249158235,-0.04540975135975145,-0.04607555555555559,-0.13935292929292928,-0.13836037037037036
2003-10-18,2003,0,1.0,1.0,0.8,89.0,21.0,36.0,0.4194615384615385,0.46153846153846156,0.15384615384615385,89.0,21.0,36.0,0.4194615384615385,0.46153846153846156,0.15384615384615385,1.0,0.0,0.4,62.0,11.0,30.0,0.2222,0.4357333333333333,0.09333333333333332,62.0,11.0,30.0,0.2222,0.4357333333333333,0.09333333333333332,1529.144372682254,1489.1409633979997,0.0,0.4,40.0034092842543,27.0,27.0,10.0,10.0,6.0,6.0,0.1972615384615385,0.1972615384615385,0.025805128205128258,0.025805128205128258,0.06051282051282053,0.06051282051282053
2003-10-18,2003,0,1.0,0.0,0.5,99.0,21.0,42.0,0.4668333333333334,0.4835833333333333,0.06666666666666667,99.0,21.0,42.0,0.4668333333333334,0.4835833333333333,0.06666666666666667,1.0,0.0,0.75,76.0,17.0,39.0,0.40236363636363637,0.39399999999999996,0.06054545454545455,76.0,17.0,39.0,0.40236363636363637,0.39399999999999996,0.06054545454545455,1498.8928360026835,1519.107864452219,0.0,-0.25,-20.215028449535566,23.0,23.0,4.0,4.0,3.0,3.0,0.06446969696969701,0.06446969696969701,0.08958333333333335,0.08958333333333335,0.006121212121212118,0.006121212121212118
2003-10-18,2003,0,1.0,0.0,0.5,105.0,25.0,48.0,0.4526,0.35373333333333334,0.09113333333333333,105.0,25.0,48.0,0.4526,0.35373333333333334,0.09113333333333333,2.0,0.0,0.5,80.0,18.0,45.0,0.23109090909090907,0.561,0.13636363636363635,80.0,18.0,45.0,0.23109090909090907,0.561,0.13636363636363635,1497.8143976672272,1501.0138717122554,-1.0,0.0,-3.1994740450281824,25.0,25.0,7.0,7.0,3.0,3.0,0.22150909090909093,0.22150909090909093,-0.2072666666666667,-0.2072666666666667,-0.04523030303030302,-0.04523030303030302
2003-10-18,2003,0,2.0,0.0,0.8,103.0,27.0,38.0,0.5134000000000001,0.36669999999999997,0.2467,103.0,27.0,38.0,0.5134000000000001,0.36669999999999997,0.2467,4.0,1.0,0.5,87.5,20.5,42.5,0.4099755244755245,0.4687062937062937,0.1840174825174825,87.5,20.5,42.5,0.4099755244755245,0.4687062937062937,0.1840174825174825,1524.8103869047634,1500.3021012580064,-2.0,0.30000000000000004,24.50828564675703,15.5,15.5,6.5,6.5,-4.5,-4.5,0.10342447552447559,0.10342447552447559,-0.10200629370629372,-0.10200629370629372,0.06268251748251749,0.06268251748251749
2003-10-18,2003,0,2.0,1.0,0.4,58.0,10.0,31.0,0.39681818181818185,0.40454545454545454,0.18181818181818182,58.0,10.0,31.0,0.39681818181818185,0.40454545454545454,0.18181818181818182,5.0,1.0,0.25,94.0,20.0,43.0,0.3477692307692308,0.4916923076923077,0.038461538461538464,94.0,20.0,43.0,0.3477692307692308,0.4916923076923077,0.038461538461538464,1491.8811837832732,1481.6924967479742,-3.0,0.15000000000000002,10.188687035298926,-36.0,-36.0,-10.0,-10.0,-12.0,-12.0,0.04904895104895107,0.04904895104895107,-0.08714685314685316,-0.08714685314685316,0.14335664335664336,0.14335664335664336
2003-10-18,2003,0,3.0,1.0,1.0,92.0,22.0,40.0,0.31136363636363634,0.3860909090909091,0.2318181818181818,92.0,22.0,40.0,0.31136363636363634,0.3860909090909091,0.2318181818181818,4.0,0.0,0.5,102.0,21.0,32.0,0.5255384615384615,0.5505384615384615,0.141,102.0,21.0,32.0,0.5255384615384615,0.5505384615384615,0.141,1547.2466556644372,1500.25570452538,-1.0,0.5,46.99095113905719,-10.0,-10.0,1.0,1.0,8.0,8.0,-0.21417482517482517,-0.21417482517482517,-0.16444755244755244,-0.16444755244755244,0.09081818181818183,0.09081818181818183
2003-10-18,2003,0,4.0,1.0,0.5,92.0,20.0,45.0,0.40524825174825174,0.3245454545454545,0.08391608391608392,92.0,20.0,45.0,0.40524825174825174,0.3245454545454545,0.08391608391608392,1.0,1.0,0.6,79.0,7.0,44.0,0.2893846153846154,0.47115384615384615,0.07692307692307693,79.0,7.0,44.0,0.2893846153846154,0.47115384615384615,0.07692307692307693,1500.2631626993075,1510.1919455219322,3.0,-0.09999999999999998,-9.928782822624726,13.0,13.0,13.0,13.0,1.0,1.0,0.11586363636363634,0.11586363636363634,-0.14660839160839162,-0.14660839160839162,0.006993006993006992,0.006993006993006992
2003-10-19,2003,0,2.0,0.0,0.0,101.6,22.0,42.6,0.4179513597513598,0.4394097513597514,0.19989838383838382,101.26666666666667,21.933333333333334,42.666666666666664,0.4178077946127946,0.44007555555555555,0.1989058249158249,2.0,1.0,0.8,91.5,23.0,47.0,0.40444285714285716,0.3907,0.09522142857142857,91.5,23.0,47.0,0.40444285714285716,0.3907,0.09522142857142857,1453.2629292065612,1525.6326112127424,0.0,-0.8,-72.36968200618116,10.099999999999994,9.766666666666666,-1.0,-1.0666666666666664,-4.399999999999999,-4.333333333333336,0.013508502608502615,0.013364937469937443,0.04870975135975142,0.04937555555555556,0.10467695526695525,0.10368439634439633
2003-10-19,2003,0,4.0,0.0,0.5,101.6,22.0,42.6,0.4179513597513598,0.4394097513597514,0.19989838383838382,101.26666666666667,21.933333333333334,42.666666666666664,0.4178077946127946,0.44007555555555555,0.1989058249158249,2.0,0.0,0.0,79.0,12.0,50.0,0.353,0.29245454545454547,0.05190909090909091,79.0,12.0,50.0,0.353,0.29245454545454547,0.05190909090909091,1500.2636367523226,1453.012270280303,2.0,0.5,47.25136647201953,22.599999999999994,22.266666666666666,10.0,9.933333333333334,-7.399999999999999,-7.333333333333336,0.0649513597513598,0.06480779461279462,0.14695520590520594,0.1476210101010101,0.14798929292929291,0.146996734006734
2003-10-19,2003,0,3.0,1.0,0.8,101.0,19.0,37.0,0.48650000000000004,0.7,0.1833,101.0,19.0,37.0,0.48650000000000004,0.7,0.1833,1.0,0.0,0.8333333333333334,101.6,22.0,42.6,0.4179513597513598,0.4394097513597514,0.19989838383838382,92.0,22.0,40.0,0.31136363636363634,0.3860909090909091,0.2318181818181818,1526.8162502975126,1535.9023345170374,2.0,-0.033333333333333326,-9.086084219524764,-0.5999999999999943,9.0,-3.0,-3.0,-5.600000000000001,-3.0,0.06854864024864027,0.1751363636363637,0.26059024864024855,0.31390909090909086,-0.01659838383838383,-0.04851818181818182
2003-10-19,2003,0,2.0,0.0,0.6,101.6,22.0,42.6,0.4179513597513598,0.4394097513597514,0.19989838383838382,101.26666666666667,21.933333333333334,42.666666666666664,0.4178077946127946,0.44007555555555555,0.1989058249158249,1.0,0.0,0.4,92.0,20.0,45.0,0.40524825174825174,0.3245454545454545,0.08391608391608392,92.0,20.0,45.0,0.40524825174825174,0.3245454545454545,0.08391608391608392,1508.3860896150966,1490.548858272596,1.0,0.19999999999999996,17.837231342500672,9.599999999999994,9.266666666666666,2.0,1.9333333333333336,-2.3999999999999986,-2.3333333333333357,0.012703108003108032,0.01255954286454286,0.11486429681429688,0.11553010101010103,0.1159822999222999,0.11498974099974098
2003-10-19,2003,0,2.0,0.0,0.2,99.5,20.5,37.5,0.44032142857142864,0.44999999999999996,0.17858333333333332,99.5,20.5,37.5,0.44032142857142864,0.44999999999999996,0.17858333333333332,2.0,1.0,0.75,101.6,22.0,42.6,0.4179513597513598,0.4394097513597514,0.19989838383838382,101.26666666666667,21.933333333333334,42.666666666666664,0.4178077946127946,0.44007555555555555,0.1989058249158249,1471.9421656775721,1520.8444385215616,0.0,-0.55,-48.90227284398952,-2.0999999999999943,-1.7666666666666657,-1.5,-1.4333333333333336,-5.100000000000001,-5.166666666666664,0.022370068820068867,0.02251363395863404,0.010590248640248545,0.009924444444444402,-0.021315050505050503,-0.02032249158249158
2003-10-20,2003,0,2.0,1.0,0.6,87.5,20.5,42.5,0.4099755244755245,0.4687062937062937,0.1840174825174825,87.5,20.5,42.5,0.4099755244755245,0.4687062937062937,0.1840174825174825,2.0,1.0,0.6,80.0,18.0,45.0,0.23109090909090907,0.561,0.13636363636363635,80.0,18.0,45.0,0.23109090909090907,0.561,0.13636363636363635,1511.0063387232592,1510.9217860497529,0.0,0.0,0.08455267350632312,7.5,7.5,2.5,2.5,-2.5,-2.5,0.17888461538461542,0.17888461538461542,-0.09229370629370637,-0.09229370629370637,0.04765384615384616,0.04765384615384616
2003-10-20,2003,0,2.0,1.0,0.6,102.0,21.0,32.0,0.5255384615384615,0.5505384615384615,0.141,102.0,21.0,32.0,0.5255384615384615,0.5505384615384615,0.141,1.0,1.0,0.8,101.6,22.0,42.6,0.4179513597513598,0.4394097513597514,0.19989838383838382,101.26666666666667,21.933333333333334,42.666666666666664,0.4178077946127946,0.44007555555555555,0.1989058249158249,1511.6000256727798,1529.4461397577602,1.0,-0.20000000000000007,-17.8461140849804,0.4000000000000057,0.7333333333333343,-1.0,-0.9333333333333336,-10.600000000000001,-10.666666666666664,0.10758710178710174,0.10773066692566691,0.11112871017871012,0.11046290598290598,-0.05889838383838383,-0.05790582491582491
2003-10-20,2003,0,3.0,1.0,0.6,101.6,22.0,42.6,0.4179513597513598,0.4394097513597514,0.19989838383838382,101.26666666666667,21.933333333333334,42.666666666666664,0.4178077946127946,0.44007555555555555,0.1989058249158249,2.0,1.0,0.4,94.0,20.0,43.0,0.3477692307692308,0.4916923076923077,0.038461538461538464,94.0,20.0,43.0,0.3477692307692308,0.4916923076923077,0.038461538461538464,1508.7056279979818,1491.9856666988496,1.0,0.19999999999999996,16.719961299132137,7.599999999999994,7.266666666666666,2.0,1.9333333333333336,-0.3999999999999986,-0.3333333333333357,0.070182128982129,0.07003856384356383,-0.052282556332556296,-0.05161675213675215,0.16143684537684536,0.16044428645428643
2003-10-20,2003,0,2.0,1.0,0.6666666666666666,101.6,22.0,42.6,0.4179513597513598,0.4394097513597514,0.19989838383838382,79.0,7.0,44.0,0.2893846153846154,0.47115384615384615,0.07692307692307693,2.0,0.0,0.6666666666666666,101.6,22.0,42.6,0.4179513597513598,0.4394097513597514,0.19989838383838382,103.0,27.0,38.0,0.5134000000000001,0.36669999999999997,0.2467,1519.9062499486438,1514.1061494395105,0.0,0.0,5.8001005091332445,0.0,-24.0,0.0,-20.0,0.0,6.0,0.0,-0.22401538461538467,0.0,0.10445384615384617,0.0,-0.16977692307692308
2003-10-21,2003,0,2.0,0.0,0.16666666666666666,103.0,22.0,38.0,0.49150000000000005,0.5535,0.16666666666666666,99.5,20.5,37.5,0.44032142857142864,0.44999999999999996,0.17858333333333332,1.0,1.0,0.5,101.6,22.0,42.6,0.4179513597513598,0.4394097513597514,0.19989838383838382,94.0,20.0,43.0,0.3477692307692308,0.4916923076923077,0.038461538461538464,1463.3404644413736,1502.4665347107834,1.0,-0.33333333333333337,-39.126070269409865,1.4000000000000057,5.5,0.0,0.5,-4.600000000000001,-5.5,0.07354864024864027,0.09255219780219787,0.11409024864024858,-0.04169230769230775,-0.03323171717171716,0.14012179487179485
2003-10-21,2003,0,3.0,0.0,0.4,99.0,21.0,42.0,0.4668333333333334,0.4835833333333333,0.06666666666666667,99.0,21.0,42.0,0.4668333333333334,0.4835833333333333,0.06666666666666667,4.0,1.0,0.3333333333333333,101.6,22.0,42.6,0.4179513597513598,0.4394097513597514,0.19989838383838382,84.0,18.0,36.0,0.3006923076923077,0.664076923076923,0.0833076923076923,1489.4740156132686,1484.665565691528,-1.0,0.06666666666666671,4.808449921740703,-2.5999999999999943,15.0,-1.0,3.0,-0.6000000000000014,6.0,0.0488819735819736,0.16614102564102567,0.0441735819735819,-0.1804935897435897,-0.13323171717171717,-0.01664102564102564
2003-10-21,2003,0,3.0,1.0,0.8,76.0,17.0,39.0,0.40236363636363637,0.39399999999999996,0.06054545454545455,76.0,17.0,39.0,0.40236363636363637,0.39399999999999996,0.06054545454545455,3.0,0.0,0.3333333333333333,101.6,22.0,42.6,0.4179513597513598,0.4394097513597514,0.19989838383838382,58.0,10.0,31.0,0.39681818181818185,0.40454545454545454,0.18181818181818182,1528.5266848416338,1481.5880138323978,0.0,0.46666666666666673,46.93867100923603,-25.599999999999994,18.0,-5.0,7.0,-3.6000000000000014,8.0,-0.015587723387723407,0.00554545454545452,-0.04540975135975145,-0.01054545454545458,-0.13935292929292928,-0.12127272727272728
2003-10-21,2003,0,4.0,1.0,0.6666666666666666,101.6,22.0,42.6,0.4179513597513598,0.4394097513597514,0.19989838383838382,86.0,15.0,55.0,0.25525000000000003,0.41275,0.0625,3.0,0.0,0.4,105.0,25.0,48.0,0.4526,0.35373333333333334,0.09113333333333333,105.0,25.0,48.0,0.4526,0.35373333333333334,0.09113333333333333,1518.4507141933925,1487.9064833297298,1.0,0.2666666666666666,30.544230863662733,-3.4000000000000057,-19.0,-3.0,-10.0,-5.399999999999999,7.0,-0.03464864024864023,-0.19734999999999997,0.08567641802641807,0.05901666666666666,0.10876505050505049,-0.02863333333333333
2003-10-21,2003,0,2.0,1.0,0.5,99.0,20.0,52.0,0.43076923076923074,0.359,0.07692307692307693,92.0,20.0,45.0,0.40524825174825174,0.3245454545454545,0.08391608391608392,4.0,0.0,0.2,90.0,23.0,41.0,0.5135789473684211,0.4306842105263158,0.05263157894736842,90.0,23.0,41.0,0.5135789473684211,0.4306842105263158,0.05263157894736842,1501.0618044709981,1469.0363607360232,-2.0,0.3,32.02544373497494,9.0,2.0,-3.0,-3.0,11.0,4.0,-0.0828097165991904,-0.10833069562016939,-0.0716842105263158,-0.10613875598086125,0.02429149797570851,0.0312845049687155
2003-10-22,2003,0,2.0,0.0,0.5,101.6,22.0,42.6,0.4179513597513598,0.4394097513597514,0.19989838383838382,102.0,21.0,32.0,0.5255384615384615,0.5505384615384615,0.141,5.0,1.0,0.6666666666666666,101.6,22.0,42.6,0.4179513597513598,0.4394097513597514,0.19989838383838382,79.0,17.0,40.0,0.35609090909090907,0.4506363636363636,0.06054545454545455,1502.1132268640354,1517.5329136290072,-3.0,-0.16666666666666663,-15.419686764971857,0.0,23.0,0.0,4.0,0.0,-8.0,0.0,0.16944755244755244,0.0,0.09990209790209792,0.0,0.08045454545454545
2003-10-22,2003,0,3.0,1.0,0.8571428571428571,101.6,22.0,42.6,0.4179513597513598,0.4394097513597514,0.19989838383838382,92.0,22.0,40.0,0.31136363636363634,0.3860909090909091,0.2318181818181818,3.0,0.0,0.4,101.6,22.0,42.6,0.4179513597513598,0.4394097513597514,0.19989838383838382,101.26666666666667,21.933333333333334,42.666666666666664,0.4178077946127946,0.44007555555555555,0.1989058249158249,1545.6408755939597,1488.9119564480468,0.0,0.4571428571428571,56.72891914591287,0.0,-9.266666666666666,0.0,0.06666666666666643,0.0,-2.6666666666666643,0.0,-0.10644415824915826,0.0,-0.05398464646464646,0.0,0.032912356902356915
2003-10-22,2003,0,3.0,0.0,0.6666666666666666,101.6,22.0,42.6,0.4179513597513598,0.4394097513597514,0.19989838383838382,101.0,19.0,37.0,0.48650000000000004,0.7,0.1833,1.0,0.0,0.42857142857142855,101.6,22.0,42.6,0.4179513597513598,0.4394097513597514,0.19989838383838382,92.0,20.0,45.0,0.40524825174825174,0.3245454545454545,0.08391608391608392,1517.0777092205904,1490.1426398681267,2.0,0.23809523809523808,26.935069352463643,0.0,9.0,0.0,-1.0,0.0,-8.0,0.0,0.0812517482517483,0.0,0.37545454545454543,0.0,0.09938391608391607
2003-10-22,2003,0,3.0,0.0,0.5,101.6,22.0,42.6,0.4179513597513598,0.4394097513597514,0.19989838383838382,101.26666666666667,21.933333333333334,42.666666666666664,0.4178077946127946,0.44007555555555555,0.1989058249158249,2.0,1.0,0.7142857142857143,101.6,22.0,42.6,0.4179513597513598,0.4394097513597514,0.19989838383838382,103.0,27.0,38.0,0.5134000000000001,0.36669999999999997,0.2467,1497.8731434166943,1524.2730742451304,1.0,-0.2142857142857143,-26.399930828436027,0.0,-1.7333333333333343,0.0,-5.066666666666666,0.0,4.666666666666664,0.0,-0.09559220538720548,0.0,0.07337555555555558,0.0,-0.047794175084175106
2003-10-22,2003,0,6.0,0.0,0.16666666666666666,78.0,8.0,38.0,0.379,0.6666000000000001,0.0869,78.0,9.0,36.0,0.4121666666666667,0.5155916666666667,0.16149166666666667,2.0,1.0,0.8333333333333334,101.6,22.0,42.6,0.4179513597513598,0.4394097513597514,0.19989838383838382,101.26666666666667,21.933333333333334,42.666666666666664,0.4178077946127946,0.44007555555555555,0.1989058249158249,1465.6811397673678,1538.9329385665046,4.0,-0.6666666666666667,-73.25179879913685,-23.599999999999994,-23.266666666666666,-14.0,-12.933333333333334,-4.600000000000001,-6.666666666666664,-0.03895135975135977,-0.005641127946127922,0.22719024864024867,0.07551611111111112,-0.11299838383838381,-0.037414158249158225
2003-10-22,2003,0,3.0,1.0,0.8333333333333334,83.0,21.0,42.0,0.4481,0.2814,0.0833,91.5,23.0,47.0,0.40444285714285716,0.3907,0.09522142857142857,2.0,0.0,0.5,71.0,15.0,41.0,0.3231818181818182,0.41818181818181815,0.1757272727272727,87.5,20.5,42.5,0.4099755244755245,0.4687062937062937,0.1840174825174825,1533.5792554463528,1501.0039051017375,1.0,0.33333333333333337,32.575350344615345,12.0,4.0,6.0,2.5,1.0,4.5,0.12491818181818182,-0.005532667332667329,-0.13678181818181817,-0.0780062937062937,-0.0924272727272727,-0.08879605394605394
2003-10-22,2003,0,4.0,0.0,0.6666666666666666,101.6,22.0,42.6,0.4179513597513598,0.4394097513597514,0.19989838383838382,89.0,21.0,36.0,0.4194615384615385,0.46153846153846156,0.15384615384615385,2.0,0.0,0.5,101.6,22.0,42.6,0.4179513597513598,0.4394097513597514,0.19989838383838382,101.26666666666667,21.933333333333334,42.666666666666664,0.4178077946127946,0.44007555555555555,0.1989058249158249,1517.9980431692704,1498.224759986048,2.0,0.16666666666666663,19.773283183222475,0.0,-12.266666666666666,0.0,-0.9333333333333336,0.0,-6.666666666666664,0.0,0.0016537438487438938,0.0,0.02146290598290601,0.0,-0.04505967106967104
2003-10-22,2003,0,5.0,1.0,0.3333333333333333,96.0,17.0,37.0,0.49933333333333335,0.45625,0.0,86.0,15.5,33.0,0.4265128205128205,0.45981730769230766,0.06592307692307692,2.0,1.0,0.6666666666666666,101.6,22.0,42.6,0.4179513597513598,0.4394097513597514,0.19989838383838382,80.0,18.0,45.0,0.23109090909090907,0.561,0.13636363636363635,1484.0093434013145,1520.9242196712746,3.0,-0.3333333333333333,-36.91487626996013,-5.599999999999994,6.0,-5.0,-2.5,-5.600000000000001,-12.0,0.08138197358197358,0.19542191142191145,0.01684024864024858,-0.10118269230769239,-0.19989838383838382,-0.07044055944055944
2003-10-23,2003,0,3.0,0.0,0.5714285714285714,101.6,22.0,42.6,0.4179513597513598,0.4394097513597514,0.19989838383838382,79.0,7.0,44.0,0.2893846153846154,0.47115384615384615,0.07692307692307693,2.0,0.0,0.3333333333333333,101.6,22.0,42.6,0.4179513597513598,0.4394097513597514,0.19989838383838382,99.0,21.0,42.0,0.4668333333333334,0.4835833333333333,0.06666666666666667,1509.739325143024,1479.3356261350282,1.0,0.23809523809523808,30.403699007995783,0.0,-20.0,0.0,-14.0,0.0,2.0,0.0,-0.17744871794871797,0.0,-0.012429487179487164,0.0,0.010256410256410262
